,nombre,continente,idioma,clima,comunidad k=2,comunidad k=4,sin éxitos globales (k=7),índice de frontera
AE,Emiratos Árabes,Medio Oriente y N. África,Árabe,Seco,Resto del mundo,"Asia, Medio Oriente y Europa del Este",Sur de Asia,0.602
AR,Argentina,América Latina,Español,Templado,Hispano,Hispano,Hispano,0.0
AT,Austria,Europa,Alemán,Templado,Resto del mundo,Europa y mundo anglosajón,Europa continental,0.066
AU,Australia,Oceanía,Inglés,Templado,Resto del mundo,Europa y mundo anglosajón,Anglosajón y nórdico,0.138
BE,Bélgica,Europa,Neerlandés,Templado,Resto del mundo,Europa y mundo anglosajón,Europa continental,0.007
BG,Bulgaria,Europa,Búlgaro,Templado,Resto del mundo,"Asia, Medio Oriente y Europa del Este","Europa del Este, Turquía y mundo árabe",0.658
BO,Bolivia,América Latina,Español,Variado,Hispano,Hispano,Hispano,0.0
BR,Brasil,América Latina,Portugués,Tropical,Resto del mundo,Europa y mundo anglosajón,Lusófono,0.128
BY,Bielorrusia,Europa,Ruso,Continental,Resto del mundo,"Asia, Medio Oriente y Europa del Este","Europa del Este, Turquía y mundo árabe",0.05
CA,Canadá,Norteamérica,Inglés,Continental,Resto del mundo,Europa y mundo anglosajón,Anglosajón y nórdico,0.198
CH,Suiza,Europa,Alemán,Templado,Resto del mundo,Europa y mundo anglosajón,Europa continental,0.1
CL,Chile,América Latina,Español,Seco,Hispano,Hispano,Hispano,0.0
CO,Colombia,América Latina,Español,Tropical,Hispano,Hispano,Hispano,0.0
CR,Costa Rica,América Latina,Español,Tropical,Hispano,Hispano,Hispano,0.0
CZ,Chequia,Europa,Checo,Continental,Resto del mundo,Europa y mundo anglosajón,Europa continental,0.0
DE,Alemania,Europa,Alemán,Templado,Resto del mundo,Europa y mundo anglosajón,Europa continental,0.048
DK,Dinamarca,Europa,Danés,Templado,Resto del mundo,Europa y mundo anglosajón,Anglosajón y nórdico,0.0
DO,Rep. Dominicana,América Latina,Español,Tropical,Hispano,Hispano,Hispano,0.0
EC,Ecuador,América Latina,Español,Variado,Hispano,Hispano,Hispano,0.0
EE,Estonia,Europa,Estonio,Continental,Resto del mundo,Europa y mundo anglosajón,Europa continental,0.193
EG,Egipto,Medio Oriente y N. África,Árabe,Seco,Resto del mundo,"Asia, Medio Oriente y Europa del Este","Europa del Este, Turquía y mundo árabe",0.554
ES,España,Europa,Español,Seco,Hispano,Hispano,Hispano,0.0
FI,Finlandia,Europa,Finés,Continental,Resto del mundo,Europa y mundo anglosajón,Europa continental,0.075
FR,Francia,Europa,Francés,Templado,Resto del mundo,Europa y mundo anglosajón,Europa continental,0.02
GB,Reino Unido,Europa,Inglés,Templado,Resto del mundo,Europa y mundo anglosajón,Anglosajón y nórdico,0.119
GR,Grecia,Europa,Griego,Templado,Resto del mundo,Europa y mundo anglosajón,Europa continental,0.166
GT,Guatemala,América Latina,Español,Variado,Hispano,Hispano,Hispano,0.0
HK,Hong Kong,Asia,Chino,Templado,Resto del mundo,"Asia, Medio Oriente y Europa del Este",Asia Oriental y Sudeste Asiático,0.213
HN,Honduras,América Latina,Español,Tropical,Hispano,Hispano,Hispano,0.0
HU,Hungría,Europa,Húngaro,Continental,Resto del mundo,Europa y mundo anglosajón,Europa continental,0.073
ID,Indonesia,Asia,Indonesio,Tropical,Resto del mundo,"Asia, Medio Oriente y Europa del Este",Asia Oriental y Sudeste Asiático,0.333
IE,Irlanda,Europa,Inglés,Templado,Resto del mundo,Europa y mundo anglosajón,Anglosajón y nórdico,0.087
IL,Israel,Medio Oriente y N. África,Hebreo,Templado,Resto del mundo,Europa y mundo anglosajón,Anglosajón y nórdico,0.087
IN,India,Asia,Hindi,Tropical,Resto del mundo,Sur de Asia,Sur de Asia,0.335
IS,Islandia,Europa,Islandés,Templado,Resto del mundo,Europa y mundo anglosajón,Anglosajón y nórdico,0.0
IT,Italia,Europa,Italiano,Templado,Resto del mundo,Europa y mundo anglosajón,Hispano,0.068
JP,Japón,Asia,Japonés,Templado,Resto del mundo,"Asia, Medio Oriente y Europa del Este",Asia Oriental y Sudeste Asiático,0.036
KR,Corea del Sur,Asia,Coreano,Continental,Resto del mundo,"Asia, Medio Oriente y Europa del Este",Asia Oriental y Sudeste Asiático,0.01
KZ,Kazajistán,Asia,Kazajo,Seco,Resto del mundo,"Asia, Medio Oriente y Europa del Este","Europa del Este, Turquía y mundo árabe",0.269
LT,Lituania,Europa,Lituano,Continental,Resto del mundo,Europa y mundo anglosajón,"Europa del Este, Turquía y mundo árabe",0.27
LU,Luxemburgo,Europa,Luxemburgués,Templado,Resto del mundo,Europa y mundo anglosajón,Europa continental,0.113
LV,Letonia,Europa,Letón,Continental,Resto del mundo,Europa y mundo anglosajón,"Europa del Este, Turquía y mundo árabe",0.284
MA,Marruecos,Medio Oriente y N. África,Árabe,Templado,Resto del mundo,"Asia, Medio Oriente y Europa del Este",Europa continental,0.318
MX,México,América Latina,Español,Variado,Hispano,Hispano,Hispano,0.0
MY,Malasia,Asia,Malayo,Tropical,Resto del mundo,"Asia, Medio Oriente y Europa del Este",Asia Oriental y Sudeste Asiático,0.317
NG,Nigeria,África Subsahariana,Inglés,Tropical,Resto del mundo,Europa y mundo anglosajón,Anglosajón y nórdico,0.141
NI,Nicaragua,América Latina,Español,Tropical,Hispano,Hispano,Hispano,0.0
NL,Países Bajos,Europa,Neerlandés,Templado,Resto del mundo,Europa y mundo anglosajón,Europa continental,0.0
NO,Noruega,Europa,Noruego,Continental,Resto del mundo,Europa y mundo anglosajón,Anglosajón y nórdico,0.003
NZ,Nueva Zelanda,Oceanía,Inglés,Templado,Resto del mundo,Europa y mundo anglosajón,Anglosajón y nórdico,0.138
PA,Panamá,América Latina,Español,Tropical,Hispano,Hispano,Hispano,0.0
PE,Perú,América Latina,Español,Seco,Hispano,Hispano,Hispano,0.003
PH,Filipinas,Asia,Filipino,Tropical,Resto del mundo,"Asia, Medio Oriente y Europa del Este",Asia Oriental y Sudeste Asiático,0.549
PK,Pakistán,Asia,Urdu,Seco,Resto del mundo,Sur de Asia,Sur de Asia,0.407
PL,Polonia,Europa,Polaco,Continental,Resto del mundo,Europa y mundo anglosajón,Europa continental,0.004
PT,Portugal,Europa,Portugués,Templado,Resto del mundo,Europa y mundo anglosajón,Lusófono,0.077
PY,Paraguay,América Latina,Español,Templado,Hispano,Hispano,Hispano,0.0
RO,Rumania,Europa,Rumano,Continental,Resto del mundo,"Asia, Medio Oriente y Europa del Este","Europa del Este, Turquía y mundo árabe",0.661
SA,Arabia Saudita,Medio Oriente y N. África,Árabe,Seco,Resto del mundo,"Asia, Medio Oriente y Europa del Este","Europa del Este, Turquía y mundo árabe",0.399
SE,Suecia,Europa,Sueco,Continental,Resto del mundo,Europa y mundo anglosajón,Anglosajón y nórdico,0.0
SG,Singapur,Asia,Inglés,Tropical,Resto del mundo,"Asia, Medio Oriente y Europa del Este",Asia Oriental y Sudeste Asiático,0.382
SK,Eslovaquia,Europa,Eslovaco,Continental,Resto del mundo,Europa y mundo anglosajón,Europa continental,0.0
SV,El Salvador,América Latina,Español,Tropical,Hispano,Hispano,Hispano,0.0
TH,Tailandia,Asia,Tailandés,Tropical,Resto del mundo,"Asia, Medio Oriente y Europa del Este",Asia Oriental y Sudeste Asiático,0.094
TR,Turquía,Medio Oriente y N. África,Turco,Templado,Resto del mundo,Europa y mundo anglosajón,"Europa del Este, Turquía y mundo árabe",0.159
TW,Taiwán,Asia,Chino,Templado,Resto del mundo,"Asia, Medio Oriente y Europa del Este",Asia Oriental y Sudeste Asiático,0.176
UA,Ucrania,Europa,Ucraniano,Continental,Resto del mundo,"Asia, Medio Oriente y Europa del Este","Europa del Este, Turquía y mundo árabe",0.606
US,Estados Unidos,Norteamérica,Inglés,Variado,Resto del mundo,Europa y mundo anglosajón,Anglosajón y nórdico,0.244
UY,Uruguay,América Latina,Español,Templado,Hispano,Hispano,Hispano,0.0
VE,Venezuela,América Latina,Español,Tropical,Hispano,Hispano,Hispano,0.0
VN,Vietnam,Asia,Vietnamita,Tropical,Resto del mundo,"Asia, Medio Oriente y Europa del Este",Asia Oriental y Sudeste Asiático,0.039
ZA,Sudáfrica,África Subsahariana,Inglés,Templado,Resto del mundo,Europa y mundo anglosajón,Anglosajón y nórdico,0.091
